ning,peng,zhao,cai
1.2425,1.2425,1.2425,1.2425
14.959999999999999,14.959999999999999,14.959999999999999,14.959999999999999
28.1075,43.1075,22.0975,33.94749999999999
0.0,0.0,2.8,2.8
