ning,peng,zhao,cai
63.611666666666665,67.61166666666668,55.584999999999994,188.35166666666672
2.12,5.1899999999999995,5.1899999999999995,218.53000000000003
14.65,26.826666666666668,18.306666666666665,85.70666666666666
48.175,159.175,65.885,62.885000000000005
