ning,peng,zhao,cai
1.2425,1.2425,1.2425,1.2425
13.6775,13.6775,13.6775,13.6775
14.455000000000002,14.455000000000002,15.195,21.624999999999996
0.0,0.0,1.3,1.3
