ning,peng,zhao,cai
1.6025,1.6025,1.6025,111.6025
6.915,8.625,8.625,221.96500000000003
12.15,21.336666666666666,12.816666666666666,79.47666666666667
45.8,145.8,55.510000000000005,55.510000000000005
