ning,peng,zhao,cai
63.611666666666665,67.61166666666668,55.584999999999994,188.35166666666672
2.12,5.1899999999999995,5.1899999999999995,218.53000000000003
12.15,24.326666666666668,15.806666666666667,83.20666666666666
48.175,159.175,65.885,62.885000000000005
