ning,peng,zhao,cai
40.76916666666666,40.76916666666666,26.002499999999998,150.76916666666668
-3.085,-0.015000000000000568,-0.015000000000000568,213.32500000000002
12.15,24.326666666666668,15.806666666666667,83.20666666666666
48.175,159.175,65.885,62.885000000000005
