ning,peng,zhao,cai
1.2425,1.2425,1.2425,1.2425
4.1725,4.1725,4.1725,4.1725
13.955000000000002,13.955000000000002,14.695,21.124999999999996
0.0,0.0,1.3,1.3
