ning,peng,zhao,cai
1.6025,1.6025,1.6025,111.6025
6.915,6.915,6.915,220.25500000000002
12.15,20.669999999999998,12.15,78.81
45.8,145.8,55.510000000000005,55.510000000000005
