ning,peng,zhao,cai
1.6025,1.6025,1.6025,111.6025
6.915,6.915,6.915,220.25500000000002
11.7125,20.232499999999998,11.7125,78.3725
45.8,145.8,55.510000000000005,55.510000000000005
