ning,peng,zhao,cai
0.0,0.0,0.0,0.0
0.0,0.0,0.0,0.0
0.0,0.0,0.0,0.0
23.3,23.3,33.010000000000005,33.010000000000005
