ning,peng,zhao,cai
1.6025,1.6025,1.6025,111.6025
6.5175,6.5175,6.5175,219.85750000000002
6.675,14.194999999999999,6.675,71.015
45.8,45.8,55.510000000000005,55.510000000000005
