ning,peng,zhao,cai
0.0,0.0,0.0,110.0
4.109999999999999,4.109999999999999,4.109999999999999,217.45000000000002
0.25,6.8999999999999995,0.25,59.39
45.8,45.8,55.510000000000005,55.510000000000005
