ning,peng,zhao,cai
1.6025,1.6025,1.6025,111.6025
6.5175,6.5175,6.5175,219.85750000000002
0.25,6.8999999999999995,0.25,59.39
45.8,45.8,55.510000000000005,55.510000000000005
