ning,peng,zhao,cai
0.0,0.0,0.0,0.0
0.9975,0.9975,0.9975,0.9975
0.25,6.8999999999999995,0.25,1.05
23.3,23.3,33.010000000000005,33.010000000000005
