ning,peng,zhao,cai
63.611666666666665,67.61166666666668,55.584999999999994,188.35166666666672
2.12,5.1899999999999995,6.569999999999999,218.53000000000003
14.65,27.373333333333335,18.85333333333333,90.48333333333333
48.175,159.175,65.885,62.885000000000005
