ning,peng,zhao,cai
1.6025,1.6025,1.6025,111.6025
6.915,6.915,6.915,220.25500000000002
7.6175,15.1375,7.6175,71.9575
45.8,45.8,55.510000000000005,55.510000000000005
