ning,peng,zhao,cai
0.0,0.0,0.0,110.0
0.9975,0.9975,0.9975,214.3375
0.25,6.8999999999999995,0.25,59.39
45.8,45.8,55.510000000000005,55.510000000000005
