ning,peng,zhao,cai
1.6025,1.6025,1.6025,111.6025
6.915,8.825,8.825,222.16500000000002
12.15,23.68,15.16,81.82000000000001
45.8,145.8,55.510000000000005,55.510000000000005
