ning,peng,zhao,cai
16.369166666666665,16.369166666666665,1.6025,126.36916666666667
6.915,9.985,9.985,223.32500000000002
12.15,24.326666666666668,15.806666666666667,83.20666666666666
45.8,150.8,60.510000000000005,60.510000000000005
